x,beta_eff_exact,beta_eff_rigorous,alpha,alpha_minus_beta_exact,alpha_minus_beta_rigorous,k_opt_exact,K_opt_exact,k_opt_rigorous,K_opt_rigorous,B_exact,B_rigorous
81,-1.9038632734376142,-1.8963865398229827,0.6309297535714574,2.5347930270090715,2.52731629339444,4,30,4,30,0.0002325441746313593,0.00024031157994300922
243,-1.3969046680358002,-1.3909232811440948,0.6309297535714574,2.0278344216072575,2.0218530347155523,5,30,5,30,0.0004650883492627186,0.00048062315988601844
729,-1.0589322644345907,-1.0539477753581694,0.6309297535714574,1.689862018006048,1.684877528929627,6,30,6,30,0.0009301766985254372,0.0009612463197720369
2187,-0.8175234047194408,-0.8132509855110798,0.6309297535714574,1.4484531582908984,1.4441807390825372,7,30,7,30,0.0018603533970508743,0.0019224926395440738
6561,-0.6364667599330786,-0.6327283931257626,0.6309297535714574,1.267396513504536,1.26365814669722,8,30,8,30,0.0037207067941017486,0.0038449852790881475
19683,-0.49564492509924124,-0.4923219323816271,0.6309297535714574,1.1265746786706987,1.1232516859530846,9,30,9,30,0.007441413588203497,0.007689970558176295
59049,-0.38298745723217137,-0.37999676378631864,0.6309297535714574,1.0139172108036287,1.0109265173577762,10,30,10,30,0.014882827176406994,0.01537994111635259
177147,-0.2908131653409323,-0.28809435311742987,0.6309297535714574,0.9217429189123898,0.9190241066888873,11,30,11,30,0.02976565435281399,0.03075988223270518
531441,-0.21400125543156656,-0.21150901089335591,0.6309297535714574,0.844931009003024,0.8424387644648134,12,30,12,30,0.05953130870562798,0.06151976446541036
1594323,-0.14900656243133395,-0.14670602901144722,0.6309297535714574,0.7799363160027913,0.7776357825829047,13,30,13,30,0.11906261741125596,0.12303952893082072
4782969,-0.0932968255739917,-0.09116061596981116,0.6309297535714574,0.7242265791454491,0.7220903695412686,14,30,14,30,0.2381252348225119,0.24607905786164144
14348907,-0.04501505363096176,-0.04302125800039326,0.6309297535714574,0.6759448072024192,0.6739510115718507,15,30,15,30,0.4762504696450238,0.4921581157232829
43046721,-0.0027685031808105565,-0.0008993197771525926,0.6309297535714574,0.633698256752268,0.63182907334861,16,30,16,30,0.9525009392900476,0.9843162314465658
129140163,0.034507864863440506,0.03626709630217741,0.6309297535714574,0.5964218887080169,0.59466265726928,17,30,17,30,1.9050018785800953,1.9686324628931315
387420489,0.06764241423610812,0.0693039105949152,0.6309297535714574,0.5632873393353492,0.5616258429765422,18,30,18,30,3.8100037571601906,3.937264925786263
1162261467,0.09728911630638964,0.0988631654884174,0.6309297535714574,0.5336406372650677,0.53206658808304,19,30,19,30,7.620007514320381,7.874529851572526
3486784401,0.12397114816964305,0.12546649489256942,0.6309297535714574,0.5069586054018144,0.505463258678888,20,30,20,30,15.240015028640762,15.749059703145052
10460353203,0.148112034141158,0.14953617387727836,0.6309297535714574,0.4828177194302994,0.48139357969417906,21,30,21,30,30.480030057281525,31.498119406290105
31381059609,0.17005829411526252,0.17141770022701378,0.6309297535714574,0.4608714594561949,0.45951205334444367,22,30,22,30,60.96006011456305,62.99623881258021
94143178827,0.19009618365683625,0.19139648515503307,0.6309297535714574,0.4408335699146212,0.43953326841642437,23,30,23,30,121.9201202291261,125.99247762516042
282429536481,0.20846424906994546,0.20971037133905077,0.6309297535714574,0.422465504501512,0.4212193822324066,24,30,24,30,243.8402404582522,251.98495525032084
847288609443,0.2253628692500059,0.226559146628347,0.6309297535714574,0.4055668843214515,0.40437060694311044,25,30,25,30,487.6804809165044,503.9699105006417
2541865828329,0.24096159557006175,0.2421118622800051,0.6309297535714574,0.38996815800139567,0.3888178912914523,26,30,26,30,975.3609618330088,1007.9398210012833
7625597484987,0.25540486068122453,0.25651252492042925,0.6309297535714574,0.3755248928902329,0.37441722865102817,27,30,27,30,1950.7219236660176,2015.8796420025667
22876792454961,0.2688164639987329,0.2698845688008231,0.6309297535714574,0.36211328957272454,0.3610451847706343,28,30,28,30,3901.443847332035,4031.7592840051334
68630377364883,0.28130312915641303,0.2823344027584312,0.6309297535714574,0.3496266244150444,0.34859535081302623,29,30,29,30,7802.88769466407,8063.518568010267
205891132094649,0.2929573499702478,0.2939542477855321,0.6309297535714574,0.3379724036012096,0.33697550578592533,30,30,30,30,15605.77538932814,16127.037136020534
617673396283947,0.30385968557028686,0.3048244253915297,0.6309297535714574,0.32707006800117056,0.3261053281799277,31,30,31,30,31211.55077865628,32254.074272041067
1853020188851841,0.31408062519532337,0.3150152168971524,0.6309297535714574,0.31684912837613405,0.315914536674305,32,30,32,30,62423.10155731256,64508.148544082134
5559060566555523,0.32368211393399415,0.32458838467516166,0.6309297535714574,0.30724763963746327,0.30634136889629576,33,30,33,30,124846.20311462512,129016.29708816427
16677181699666569,0.33271880921744895,0.33359842493681746,0.6309297535714574,0.29821094435400847,0.29733132863463996,34,30,34,30,249692.40622925025,258032.59417632854
50031545098999707,0.34123912191327777,0.34209360575494996,0.6309297535714574,0.28969063165817965,0.28883614781650746,35,30,35,30,499384.8124585005,516065.1883526571
150094635296999121,0.34928608390378274,0.35011683208318634,0.6309297535714574,0.2816436696676747,0.2808129214882711,36,30,36,30,998769.624917001,1032130.3767053141
450283905890997363,0.3568980749758821,0.3577063705017883,0.6309297535714574,0.2740316785955753,0.27322338306966915,37,30,37,30,1997539.249834002,2064260.7534106283
1350851717672992089,0.3641094349389235,0.36489645952993743,0.6309297535714574,0.2668203186325339,0.26603329404152,38,30,38,30,3995078.499668004,4128521.5068212566
4052555153018976267,0.37095098157052697,0.3717178260438226,0.6309297535714574,0.25997877200093045,0.25921192752763483,39,30,39,30,7990156.999336008,8257043.013642513
