n,n_mod_uk,frac,trailing_suffix,prefix_L10,survives_L10,prefix_L20,survives_L20,prefix_L30,survives_L30,prefix_L40,survives_L40,prefix_L50,survives_L50,prefix_L60,survives_L60,prefix_L70,survives_L70
0,0,0.000000000000000,00000001,1,True,1,True,1,True,1,True,1,True,1,True,1,True
2,2,0.261859507142915,00000011,11,True,11,True,11,True,11,True,11,True,11,True,11,True
8,8,0.047438028571659,00100111,100111,True,100111,True,100111,True,100111,True,100111,True,100111,True,100111,True
24,24,0.142314085714978,01000101,1011120101,False,1011120101000101,False,1011120101000101,False,1011120101000101,False,1011120101000101,False,1011120101000101,False,1011120101000101,False
26,26,0.404173592857893,11001111,1120002111,False,11200021111001111,False,11200021111001111,False,11200021111001111,False,11200021111001111,False,11200021111001111,False,11200021111001111,False
72,72,0.426942257144935,11101001,1121011021,False,11210110211210001210,False,112101102112100012100012122010,False,1121011021121000121000121220102212210011,False,11210110211210001210001212201022122100111010002222,False,112101102112100012100012122010221221001110100022222222222222,False,1121011021121000121000121220102212210011101000222222222222222222222222,False
80,80,0.474380285716595,10011111,1200110121,False,12001101212022222012,False,120011012120222220121220221021,False,1200110121202222201212202210212011221111,False,12001101212022222012122022102120112211112211001111,False,120011012120222220121220221021201122111122110011110222222222,False,1200110121202222201212202210212011221111221100111102222222222222222222,False
126,126,0.497148950003637,00011001,1201121201,False,12011212011000120022,False,120112120110001200220000121122,False,1201121201100012002200001211221002220121,False,12011212011000120022000012112210022201211110120101,False,120112120110001200220000121122100222012111101201010000222121,False,1201121201100012002200001211221002220121111012010100002221211002202112,False
164,164,0.472479585719020,10100011,1200101001,False,12001010011220120210,False,120010100112201202102102012110,False,1200101001122012021021020121100100122220,False,12001010011220120210210201211001001222202121212100,False,120010100112201202102102012110010012222021212121001111021110,False,1200101001122012021021020121100100122220212121210011110211102011111100,False
186,186,0.352934164291083,00100101,1110210021,False,11102100212011111112,False,111021002120111111120222102021,False,1110210021201111111202221020210201112010,False,11102100212011111112022210202102011120102120211220,False,111021002120111111120222102021020111201021202112202022221200,False,1110210021201111111202221020210201112010212021122020222212001101202000,False
188,188,0.614793671433998,01101111,1222001101,False,12220011010220000001,False,122200110102200000010022020000,False,1222001101022000000100220200001222000212,False,12220011010220000001002202000012220002120110010120,False,122200110102200000010022020000122200021201100101200002221020,False,1222001101022000000100220200001222000212011001012000022210201212022200,False
218,218,0.542686278577721,01110011,1211000021,False,12110000212101221022,False,121100002121012210220002112201,False,1211000021210122102200021122012011010100,False,12110000212101221022000211220120110101001220000010,False,121100002121012210220002112201201101010012200000102001220000,False,1211000021210122102200021122012011010100122000001020012200002100122122,False
240,240,0.423140857149785,00010101,1120222102,False,11202221021102011200,False,112022210211020112001110022112,False,1120222102110201120011100221122201022011,False,11202221021102011200111002211222010220111002022002,False,112022210211020112001110022112220102201110020220020121011210,False,1120222102110201120011100221122201022011100202200201210112102111001012,False
242,242,0.685000364292700,00111111,2010022020,False,20100220200212220020,False,201002202002122200201221102101,False,2010022020021222002012211021012121201212,False,20100220200212220020122110210121212012122110001202,False,201002202002122200201221102101212120121221100012022210120102,False,2010022020021222002012211021012121201212211000120222101201020022101121,False
332,332,0.468678185723869,11000111,1200011221,False,12000112212100211121,False,120001122121002111210122122211,False,1200011221210021112101221222112120212000,False,12000112212100211121012212221121202120000112111020,False,120001122121002111210122122211212021200001121110200100111120,False,1200011221210021112101221222112120212000011211102001001111200121001121,False
378,378,0.491446850010911,10110001,1201022212,False,12010222120022202102,False,120102221200222021021211022110,False,1201022212002220210212110221101002101021,False,12010222120022202102121102211010021010210101020121,False,120102221200222021021211022110100210102101010201210110110221,False,1201022212002220210212110221101002101021010102012101101102210001221021,False
386,386,0.538884878582571,00010111,1210210202,False,12102102022200220002,False,121021020222002200020100121200,False,1210210202220022000201001212001201221200,False,12102102022200220002010012120012012212002212010101,False,121021020222002200020100121200120122120022120101012001110221,False,1210210202220022000201001212001201221200221201010120011102212002101002,False
474,474,0.060703192870825,01011101,1001212021,False,10012120211012201201,False,100121202110122012010100002102,False,1001212021101220120101000021020211011221,False,10012120211012201201010000210202110112210110210122,False,100121202110122012010100002102021101122101102101222202122202,False,1001212021101220120101000021020211011221011021012222021222020122022210,False
488,488,0.893719742871229,01000011,2200001222,False,22000012222001022010,False,220000122220010220100000012012,False,2200001222200102201000000120120000001022,False,22000012222001022010000001201200000010220220002111,False,220000122220010220100000012012000000102202200021112222001100,False,2200001222200102201000000120120000001022022000211122220011001201100211,False
494,494,0.679298264299974,01100111,2002221120,False,20022211201020200202,False,200222112010202002020010011002,False,2002221120102020020200100110021212001000,False,20022211201020200202001001100212120010002200000222,False,200222112010202002020010011002121200100022000002222011020201,False,2002221120102020020200100110021212001000220000022220110202012200122002,False
560,560,0.320662000016165,00111011,1102101212,False,11021012121001121001,False,110210121210011210011001222011,False,1102101212100112100110012220111012021212,False,11021012121001121001100122201110120212120202211002,False,110210121210011210011001222011101202121202022110022212201022,False,1102101212100112100110012220111012021212020221100222122010222211021001,False
566,566,0.106240521444909,11011111,1010100020,False,10101000202100121000,False,101010002021001210001012220000,False,1010100020210012100010122200000102111212,False,10101000202100121000101222000001021112122010110010,False,101010002021001210001012220000010211121220101100102000101221,False,1010100020210012100010122200000102111212201011001020001012211012020220,False
636,636,0.271323271446930,00111101,1100101011,True,11001010110211212201,False,110010101102112122012211022021,False,1100101011021121220122110220212220000220,False,11001010110211212201221102202122200002200110111100,False,110010101102112122012211022021222000022001101111001020210020,False,1100101011021121220122110220212220000220011011110010202100200221122002,False
648,648,0.842480314304419,10100001,2112010110,False,21120101102002122221,False,211201011020021222212020021200,False,2112010110200212222120200212002101001222,False,21120101102002122221202002120021010012220201021211,False,211201011020021222212020021200210100122202010212110001121111,False,2112010110200212222120200212002101001222020102121100011211112021020020,False
650,650,0.104339821447334,11100011,1010021112,False,10100211121221011222,False,101002111212210112221022210102,False,1010021112122101122210222101021001110212,False,10100211121221011222102221010210011102121222120110,False,101002111212210112221022210102100111021212221201102100201100,False,1010021112122101122210222101021001110212122212011021002011000100012202,False
728,728,0.316860600021014,01111111,1102020112,False,11020201122001010221,False,110202011220010102210012111112,False,1102020112200101022100121111121001200102,False,11020201122001010221001211111210012001021220112101,False,110202011220010102210012111112100120010212201121012121010001,False,1102020112200101022100121111121001200102122011210121210100010111210011,False
774,774,0.339629264308056,10111001,1110012200,False,11100122002111100000,False,111001220021111000001012121122,False,1110012200211110000010121211220101112011,False,11100122002111100000101212112201011120110112102221,False,111001220021111000001012121122010111201101121022210021121001,False,1110012200211110000010121211220101112011011210222100211210011110220202,False
864,864,0.123307085739226,01110001,1010220202,False,10102202021022002121,False,101022020210220021212222212102,False,1010220202102200212122222121021222220010,False,10102202021022002121222221210212222200102212020201,False,101022020210220021212222212102122222001022120202012102221220,False,1010220202102200212122222121021222220010221202020121022212202001220202,False
872,872,0.170745114310885,01010111,1012120102,False,10121201020120122022,False,101212010201201220222101112020,False,1012120102012012202221011120201112102222,False,10121201020120122022210111202011121022222111101022,False,101212010201201220222101112020111210222221111010221121211012,False,1012120102012012202221011120201112102222211110102211212110120100220112,False
882,882,0.480042650025460,11001001,1200202021,False,12002020211211112020,False,120020202112111120200021212021,False,1200202021121111202000212120210022212210,False,12002020211211112020002121202100222122102121212112,False,120020202112111120200021212021002221221021212121120202202222,False,1200202021121111202000212120210022212210212121211202022022221200210210,False
992,992,0.882315542885778,00101011,2122011202,False,21220112021111221020,False,212201120211112210202021212202,False,2122011202111122102020212122022100012110,False,21220112021111221020202121220221000121100102022001,False,212201120211112210202021212202210001211001020220011111111020,False,2122011202111122102020212122022100012110010202200111111110202121002002,False
1028,1028,0.595786671458245,00010011,1220221210,False,12202212100022000111,False,122022121000220001112202201212,False,1220221210002200011122022012121220112012,False,12202212100022000111220220121212201120121002211111,False,122022121000220001112202201212122011201210022111110000011210,False,1220221210002200011122022012121220112012100221111100000112100112021202,False
1044,1044,0.690662728601564,00101001,2010122212,False,20101222122221020202,False,201012221222210202020102121220,False,2010122212222102020201021212202221202222,False,20101222122221020202010212122022212022222200020021,False,201012221222210202020102121220222120222222000200210120120200,False,2010122212222102020201021212202221202222220002002101201202001002202120,False
1046,1046,0.952522235744479,01111011,2211212211,False,22112122112220122222,False,221121221122201222222120111120,False,2211212211222012222221201111200221100222,False,22112122112220122222212011112002211002222120022100,False,221121221122201222222120111120022110022221200221001202202220,False,2211212211222012222221201111200221100222212002210012022022201110200102,False
1134,1134,0.474340550032734,01100001,1200110120,False,12001101200222202210,False,120011012002222022101202201012,False,1200110120022220221012022010121022201222,False,12001101200222202210120220101210222012220122211222,False,120011012002222022101202201012102220122201222112221012211102,False,1200110120022220221012022010121022201222012221122210122111021110101122,False
1160,1160,0.878514142890627,10101111,2121212202,False,21212122020210011101,False,212121220202100111012212222001,False,2121212202021001110122122220010210012110,False,21212122020210011101221222200102100121101002100212,False,212121220202100111012212222001021001211010021002120112111212,False,2121212202021001110122122220010210012110100210021201121112122100102010,False
1188,1188,0.544547242891435,10010001,1211002222,False,12110022222202202222,False,121100222222022022221000120111,False,1211002222220220222210001201111220010212,False,12110022222202202222100012011112200102120120221102,False,121100222222022022221000120111122001021201202211022111110100,False,1211002222220220222210001201111220010212012022110221111101000101200002,False
1190,1190,0.806406750034350,10110011,2102110222,False,21021102222200200222,False,210211022222002002220100202200,False,2102110222220020022201002022000112012010,False,21021102222200200222010020220001120120102210020220,False,210211022222002002220100202200011201201022100202202022221110,False,2102110222220020022201002022000112012010221002022020222211100112020010,False
1230,1230,0.043596892892648,11001101,1001022202,False,10010222022001002110,False,100102220220010021100121101110,False,1001022202200100211001211011101201111102,False,10010222022001002110012110111012011111022210111020,False,100102220220010021100121101110120111110222101110201110010122,False,1001022202200100211001211011101201111102221011102011100101220221122122,False
1260,1260,0.971489500036371,01111001,2220111120,False,22201111200101210222,False,222011112001012102222020002212,False,2220111120010121022220200022122222122100,False,22201111200101210222202000221222221221001110100020,False,222011112001012102222020002212222212210011101000200001021020,False,2220111120010121022220200022122222122100111010002000010210200210021011,False
1374,1374,0.897481407182519,11110101,2200101001,False,22001010010210120110,False,220010100102101201100020211122,False,2200101001021012011000202111222000101221,False,22001010010210120110002021112220001012211220102210,False,220010100102101201100020211122200010122112201022102112022222,False,2200101001021012011000202111222000101221122010221021120222220101212211,False
1392,1392,0.254216971468752,10101101,1022200212,False,10222002121201102012,False,102220021212011020120221220010,False,1022200212120110201202212200101211221022,False,10222002121201102012022122001012112210222101001201,False,102220021212011020120221220010121122102221010012011001000201,False,1022200212120110201202212200101211221022210100120110010002010111000011,False
1458,1458,0.895580707184943,10000001,2200012222,False,22000122220122020200,False,220001222201220202001112200101,False,2200012222012202020011122001012021220121,False,22000122220122020200111220010120212201211111211211,False,220001222201220202001112200101202122012111112112110120120212,False,2200012222012202020011122001012021220121111121121101201202120201222202,False
1460,1460,0.157440214327858,10000011,1012002122,False,10120021221221122222,False,101200212212211222220200112011,False,1012002122122112222202001120112100111221,False,10120021221221122222020011201121001112211000011010,False,101200212212211222220200112011210011122110000110102120221001,False,1012002122122112222202001120112100111221100001101021202210010222212220,False
1466,1466,0.943018735756603,10100111,2211002021,False,22110020212111211121,False,221100202121112111210111220121,False,2211002021211121112101112201211000120001,False,22110020212111211121011122012110001200010011100211,False,221100202121112111210111220121100012000100111002110110202101,False,2211002021211121112101112201211000120001001110021101102021010110201122,False
1478,1478,0.514175778614092,01101011,1202111111,False,12021111110010222210,False,120211111100102222101010002211,False,1202111111001022221010100022110120021211,False,12021111110010222210101000221101200212111111021212,False,120211111100102222101010002211012002121111110212122221110022,False,1202111111001022221010100022110120021211111102121222211100222101021212,False
1482,1482,0.037894792899922,11000101,1001010222,False,10010102222012100212,False,100101022220121002121222211200,False,1001010222201210021212222112000110001122,False,10010102222012100212122221120001100011220222212200,False,100101022220121002121222211200011000112202222122000122002022,False,1001010222201210021212222112000110001122022221220001220020220122002122,False
1514,1514,0.227646907186560,01010011,1021200010,False,10212000102200011012,False,102120001022000110120012100100,False,1021200010220001101200121001001220100021,False,10212000102200011012001210010012201000210020002202,False,102120001022000110120012100100122010002100200022021012100112,False,1021200010220001101200121001001220100021002000220210121001120101001111,False
1584,1584,0.392729657188580,10011001,1112120021,False,11121200212221002221,False,111212002122210022211120222101,False,1112120021222100222111202221012220121102,False,11121200212221002221112022210122201211022222211200,False,111212002122210022211120222101222012110222222112000202101212,False,1112120021222100222111202221012220121102222221120002021012120111122012,False
1644,1644,0.248514871476027,10100101,1022110212,False,10221102120011101211,False,102211021200111012110220211020,False,1022110212001110121102202110201122100110,False,10221102120011101211022021102011221001100112011200,False,102211021200111012110220211020112210011001120112001000021101,False,1022110212001110121102202110201122100110011201120010000211010201111120,False
1646,1646,0.510374378618941,11101111,1202022010,False,12020220102012212102,False,120202201020122121022020002122,False,1202022010201221210220200021222012010121,False,12020220102012212102202000212220120101210200220020,False,120202201020122121022020002122201201012102002200201100100211,False,1202022010201221210220200021222012010121020022002011001002111222000002,False
1674,1674,0.176407478619750,01010001,1012202220,False,10122022201002011100,False,101220222010020111000011102012,False,1012202220100201110000111020120020020120,False,10122022201002011100001110201200200201201012121200,False,101220222010020111000011102012002002012010121212000022210200,False,1012202220100201110000111020120020020120101212120000222102001210002122,False
1676,1676,0.438266985762665,11110011,1121200212,False,11212002121102212210,False,112120021211022122100012212220,False,1121200212110221221000122122202022022202,False,11212002121102212210001221222020220222021121111020,False,112120021211022122100012212220202202220211211110200102201220,False,1121200212110221221000122122202022022202112111102001022012202101010112,False
1698,1698,0.318721564334728,10010101,1102022122,False,11020221222012122122,False,110202212220121221222111011202,False,1102022122201212212221110112021111020120,False,11020221222012122122211101120211110201200020100022,False,110202212220121221222111011202111102012000201000221022011011,False,1102022122201212212221110112021111020120002010002210220110110112200020,False
1700,1700,0.580581071477643,10111111,1220002112,False,12200021121221112112,False,122000211212211121122022120100,False,1220002112122111211220221201000222122202,False,12200021121221112112202212010002221222020022110102,False,122000211212211121122022120100022212220200221101020201212112,False,1220002112122111211220221201000222122202002211010202012121121201120022,False
1844,1844,0.434465585767514,10010111,1121111221,False,11211112212011000121,False,112111122120110001212202200221,False,1121111221201100012122022002212212222121,False,11211112212011000121220220022122122221212000002221,False,112111122120110001212202200221221222212120000022211102222120,False,1121111221201100012122022002212212222121200000222111022221202221101012,False
1854,1854,0.743763121482088,00001001,2021010102,False,20210101020110221120,False,202101010201102211202022101011,False,2021010102011022112020221010110101222200,False,20210101020110221120202210101101012222001110110010,False,202101010201102211202022101011010122220011101100101221012112,False,2021010102011022112020221010110101222200111011001012210121121120011111,False
1856,1856,0.005622628625003,00011011,1000011111,True,10000111112212202101,False,100001111122122021010000201111,False,1000011111221220210100002011112111212212,False,10000111112212202101000020111121112122120122112101,False,100001111122122021010000201111211121221201221121011212012110,False,1000011111221220210100002011112111212212012211210112120121101100201222,False
1878,1878,0.886077207197067,01101101,2122110201,False,21221102011010202212,False,212211020110102022122201112012,False,2122110201101020221222011120122202100122,False,21221102011010202212220111201222021001221012112121,False,212211020110102022122201112012220210012210121121210120010020,False,2122110201101020221222011120122202100122101211212101200100201200220201,False
1932,1932,0.956283900055768,11011101,2212012110,False,22120121100020001210,False,221201211000200012102021102211,False,2212012110002000121020211022112021211110,False,22120121100020001210202110221120212111101012100000,False,221201211000200012102021102211202121111010121000002002220220,False,2212012110002000121020211022112021211110101210000020022202201002102201,False
1944,1944,0.527440942913258,01000001,1210012022,False,12100120221010021021,False,121001202210100210210022121121,False,1210012022101002102100221211211012202120,False,12100120221010021021002212112110122021201001100000,False,121001202210100210210022121121101220212010011000002002112110,False,1210012022101002102100221211211012202120100110000020021121102221000010,False
1946,1946,0.789300450056173,11000011,2101021002,False,21010210020111100200,False,210102100201111002001102111010,False,2101021002011110020011021110102121200102,False,21010210020111100200110211101021212001021101210000,False,210102100201111002001102111010212120010211012100002210101022,False,2101021002011110020011021110102121200102110121000022101010220220100011,False
1952,1952,0.574878971484917,11100111,1212202221,False,12122022210010112222,False,121220222100101122221210102001,False,1212202221001011222212101020011011211220,False,12122022210010112222121010200110112112200011211221,False,121220222100101122221210102001101121122000112112212012120010,False,1212202221001011222212101020011011211220001121122120121200102200020020,False
2006,2006,0.645085664343619,00110111,2000211211,False,20002112112222222102,False,200021121122222221020212121110,False,2000211211222222210202121211101012010202,False,20002112112222222102021212111010120102021102011121,False,200021121122222221020212121110101201020211020111211220112101,False,2000211211222222210202121211101012010202110201112112201121012112020101,False
2018,2018,0.216242707201108,10111011,1021020111,False,10210201110120101022,False,102102011101201010220120122121,False,1021020111012010102201201221212222012201,False,10210201110120101022012012212122220122012201012002,False,102102011101201010220120122121222201220122010120020002120222,False,1021020111012010102201201221212222012201220101200200021202221020221112,False
2070,2070,0.024589892916895,01011001,1000201221,False,10002012212221021212,False,100020122122210212121022220012,False,1000201221222102121210222200122010002101,False,10002012212221021212102222001220100021012002101001,False,100020122122210212121022220012201000210120021010011011121020,False,1000201221222102121210222200122010002101200210100110111210200201120001,False
2094,2094,0.166903978631873,10111101,1012102201,False,10121022010121122202,False,101210220101211222022111121220,False,1012102201012112220221111212200010002200,False,10121022010121122202211112122000100022001222020011,False,101210220101211222022111121220001000220012220200112011102101,False,1012102201012112220221111212200010002200122202001120111021010011112012,False
2130,2130,0.880375107204341,01100101,2122000200,False,21220002000000211002,False,212200020000002110022122012122,False,2122000200000021100221220121221100221122,False,21220002000000211002212201212211002211221200001121,False,212200020000002110022122012122110022112212000011210100202101,False,2122000200000021100221220121221100221122120000112101002021010011211010,False
2184,2184,0.950581800063043,01010101,2211201102,False,22112011021211220111,False,221120110212112201112211221012,False,2211201102121122011122112210121122201212,False,22112011021211220111221122101211222012121022011202,False,221120110212112201112211221012112220121210220112020201102022,False,2211201102121122011122112210121122201212102201120202011020222202000211,False
2186,2186,0.212441307205957,11111111,1021002122,False,10210021220111011220,False,102100212201110112200121012012,False,1021002122011101122001210120121101212211,False,10210021220111011220012101201211012122111020122002,False,102100212201110112200121012012110121221110201220022222122000,False,1021002122011101122001210120121101212211102012200222221220002212220100,False
2202,2202,0.307317364349276,00001101,1101211202,False,11012112022202102101,False,110121120222021021012112120110,False,1101211202220210210121121201100211211111,False,11012112022202102101211212011002112111110220001120,False,110121120222021021012112120110021121111102200011201210200201,False,1101211202220210210121121201100211211111022000112012102002011012212102,False
2288,2288,0.567276171494616,00001011,1212100112,False,12121001120111010210,False,121210011201110102101020201221,False,1212100112011101021010202012211121210010,False,12121001120111010210102020122111212100100221221121,False,121210011201110102101020201221112121001002212211211011111012,False,1212100112011101021010202012211121210010022122112110111110121112001122,False
2322,2322,0.018887792924169,11110001,1000120021,False,10001200212002101221,False,100012002120021012210011212211,False,1000120021200210122100112122112212022200,False,10001200212002101221001121221122120222000000021021,False,100012002120021012210011212211221202220000000210211221101021,False,1000120021200210122100112122112212022200000002102112211010211102222200,False
2330,2330,0.066325821495828,11010111,1002001002,False,10020010022022202101,False,100200100220222021012112110220,False,1002001002202220210121121102201012210100,False,10020010022022202101211211022010122101001120021200,False,100200100220222021012112110220101221010011200212000111111221,False,1002001002202220210121121102201012210100112002120001111112210222101222,False
2342,2342,0.637482864353318,01011011,2000101112,False,20001011121021221102,False,200010111210212211021000021210,False,2000101112102122110210000212100120022011,False,20001011121021221102100002121001200220111021112012,False,200010111210212211021000021210012002201110211120122222222111,False,2000101112102122110210000212100120022011102111201222222221110110001100,False
2346,2346,0.161201878639147,00110101,1012020020,False,10120200201122201001,False,101202002011222010012011011121,False,1012020020112220100120110111211200001211,False,10120200201122201001201101112112000012111212110102,False,101202002011222010012011011121120000121112121101021122222200,False,1012020020112220100120110111211200001211121211010211222222002101010210,False
2450,2450,0.777896250070721,10101011,2100110110,False,21001101102122220220,False,210011011021222202202220112001,False,2100110110212222022022201120010020210112,False,21001101102122220220222011200100202101120012012212,False,210011011021222202202220112001002021011200120122122102110012,False,2100110110212222022022201120010020210112001201221221021100121111202012,False
2454,2454,0.301615264356551,00000101,1101121101,False,11011211011220121202,False,110112110112201212022101112022,False,1101121101122012120221011120221221000202,False,11011211011220121202210111202212210002021000002111,False,110112110112201212022101112022122100020210000021110022210020,False,1101121101122012120221011120221221000202100000211100222100200210010222,False
2456,2456,0.563474771499466,00001111,1212010212,False,12120102120112211100,False,121201021201122111002012001002,False,1212010212011221110020120010021120101000,False,12120102120112211100201200100211201010000100010022,False,121201021201122111002012001002112010100001000100221102201022,False,1212010212011221110020120010021120101000010001002211022010221001012022,False
2486,2486,0.491367378643189,10010011,1201022202,False,12010222020110220222,False,120102220201102202220120210122,False,1201022202011022022201202101220211211021,False,12010222020110220222012021012202112110211111002000,False,120102220201102202220120210122021121102111110020000220110021,False,1201022202011022022201202101220211211021111100200002201100212000100001,False
2492,2492,0.276945900071933,01110111,1100121020,False,11001210201210012201,False,110012102012100122012002111002,False,1100121020121001220120021110021222000221,False,11001210201210012201200211100212220002210202122220,False,110012102012100122012002111002122200022102021222202201022201,False,1100121020121001220120021110021222000221020212222022010222010011221010,False
2502,2502,0.586243435786508,10101001,1220102011,False,12201020110020101111,False,122010201100201011110220010020,False,1220102011002010111102200100202022001101,False,12201020110020101111022001002020220011011102110200,False,122010201100201011110220010020202200110111021102002011122211,False,1220102011002010111102200100202022001101110211020020111222110112201000,False
2504,2504,0.848102942929422,11111011,2112112212,False,21121122121022111222,False,211211221210221112222012011100,False,2112112212102211122220120111000001201211,False,21121122121022111222201201110000012012112220021220,False,211211221210221112222012011100000120121122200212202220012202,False,2112112212102211122220120111000001201211222002122022200122021201121100,False
2580,2580,0.798764214360188,01111101,2101221012,False,21012210122022212022,False,210122101220222120221210002121,False,2101221012202221202212100021212210212120,False,21012210122022212022121000212122102121202110202222,False,210122101220222120221210002121221021212021102022221020001022,False,2101221012202221202212100021212210212120211020222210200010221101121122,False
2592,2592,0.369921257217677,11100001,1111112112,False,11111121120100102021,False,111111211201001020212211020101,False,1111112112010010202122110201011212010020,False,11111121120100102021221102010112120100202200212120,False,111111211201001020212211020101121201002022002121202211001201,False,1111112112010010202122110201011212010020220021212022110012012102100201,False
2718,2718,0.867070207221314,11111001,2120222211,False,21202222112002012010,False,212022221120020120100011121220,False,2120222211200201201000111212200122201021,False,21202222112002012010001112122001222010210111020022,False,212022221120020120100011121220012220102101110200221012211120,False,2120222211200201201000111212200122201021011102002210122111201102221101,False
2762,2762,0.627979364365441,00000111,1222211021,False,12222110211211021011,False,122221102112110210112221012101,False,1222211021121102101122210121012220221011,False,12222110211211021011222101210122202210111102201100,False,122221102112110210112221012101222022101111022011000120002222,False,1222211021121102101122210121012220221011110220110001200022221202220122,False
2774,2774,0.199136407222931,01001011,1020121021,False,10201210211102001202,False,102012102111020012021122001022,False,1020121021110200120211220010222201121210,False,10201210211102001202112200102222011212102120202221,False,102012102111020012021122001022220112121021202022210122212200,False,1020121021110200120211220010222201121210212020222101222122002221100021,False
2904,2904,0.220004371512397,00011101,1021101022,False,10211010221200012211,False,102110102212000122110202211121,False,1021101022120001221102022111210001021220,False,10211010221200012211020221112100010212201222101110,False,102110102212000122110202211121000102122012221011101212200102,False,1021101022120001221102022111210001021220122210111012122001020210201201,False
2936,2936,0.409756485799035,11101011,1120100111,False,11201001110102001201,False,112010011101020012010120200111,False,1120100111010200120101202001112111100212,False,11201001110102001201012020011121111002122010111120,False,112010011101020012010120200111211110021220101111200212012021,False,1120100111010200120101202001112111100212201011112002120120212212102102,False
2942,2942,0.195335007227780,01001111,1020110111,False,10201101111010202000,False,102011011110102020001111101121,False,1020110111101020200011111011212210020010,False,10201101111010202000111110112122100200102012102201,False,102011011110102020001111101121221002001020121022011020022211,False,1020110111101020200011111011212210020010201210220110200222112212011200,False
2972,2972,0.123227614371503,11010011,1010220200,False,10102202001101201021,False,101022020011012010210000200001,False,1010220200110120102100002000012121210212,False,10102202001101201021000020000121212102122001110211,False,101022020011012010210000200001212121021220011102112100100210,False,1010220200110120102100002000012121210212200111021121001002102002121112,False
2988,2988,0.218103671514822,01101001,1021022101,False,10210221010211020210,False,102102210102110202100222221212,False,1021022101021102021002222212121102011011,False,10210221010211020210022222121211020110111212200100,False,102102210102110202100222221212110201101112122001001220012110,False,1021022101021102021002222212121102011011121220010012200121100200000212,False
2996,2996,0.265541700086482,00011111,1100010221,False,11000102211010202221,False,110001022110102022210102101210,False,1100010221101020222101021012102111212021,False,11000102211010202221010210121021112120211221201120,False,110001022110102022210102101210211121202112212011200102221102,False,1100010221101020222101021012102111212021122120112001022211020021222221,False
3080,3080,0.263641000088906,00100011,1100001220,False,11000012201020120000,False,110000122010201200000020020000,False,1100001220102012000000200200002201210200,False,11000012201020120000002002000022012102000121111120,False,110000122010201200000020020000220121020001211111200021111020,False,1100001220102012000000200200002201210200012111112000211110200120010221,False
3132,3132,0.071988185804693,11010001,1002012222,False,10020122222122112112,False,100201222221221121121111002221,False,1002012222212211211211110022210221212220,False,10020122222122112112111100222102212122200000110210,False,100201222221221121121111002221022121222000001102100120002200,False,1002012222212211211211110022210221212220000011021001200022000010001011,False
3248,3248,0.259839600093756,01000111,1022220211,False,10222202112110221212,False,102222021121102212122022002221,False,1022220211211022121220220022212200021221,False,10222202112110221212202200222122000212212121001112,False,102222021121102212122022002221220002122121210011120111200022,False,1022220211211022121220220022212200021221212100111201112000221001011100,False
3294,3294,0.282608264380798,00110001,1100211102,False,11002111020021221121,False,110021110200212211211021112201,False,1100211102002122112110211122011002021202,False,11002111020021221121102111220110020212021220021110,False,110021110200212211211021112201100202120212200211101210020221,False,1100211102002122112110211122011002021202122002111012100202210212120211,False
3312,3312,0.639343828667032,10001001,2000111112,False,20001111121201212201,False,200011111212012122010221221002,False,2000111112120121220102212210022210221102,False,20001111121201212201022122100222102211020200020222,False,200011111212012122010221221002221022110202000202222121012120,False,2000111112120121220102212210022210221102020002022221210121202001121001,False
3314,3314,0.901203335809947,10011011,2200200001,False,22002000011022111121,False,220020000110221111212021120110,False,2200200001102211112120211201102202020212,False,22002000011022111121202112011022020202122220100022,False,220020000110221111212021120110220202021222201000222110121102,False,2200200001102211112120211201102202020212222010002221101211022202010101,False
3336,3336,0.781657914382010,11101101,2100201120,False,21002011201102102000,False,210020112011021020002021220210,False,2100201120110210200020212202100211101110,False,21002011201102102000202122021002111011100002201000,False,210020112011021020002021220210021110111000022010002012120112,False,2100201120110210200020212202100211101110000220100020121201122122201202,False
3402,3402,0.423021650098201,11000001,1120222021,False,11202220211002211110,False,112022202110022111102221112010,False,1120222021100221111022211120100212002102,False,11202220211002211110222111201002120021022222220110,False,112022202110022111102221112010021200210222222201100212022000,False,1120222021100221111022211120100212002102222222011002120220001100112120,False
3464,3464,0.540666371528562,10110111,1210220100,False,12102201001210220221,False,121022010012102202212011002012,False,1210220100121022022120110020120211111102,False,12102201001210220221201100201202111111020222200221,False,121022010012102202212011002012021111110202222002212102101220,False,1210220100121022022120110020120211111102022220022121021012202012121201,False
3482,3482,0.897401935814796,01011111,2200100212,False,22001002121222110212,False,220010021212221102121111212021,False,2200100212122211021211112120211012122021,False,22001002121222110212111121202110121220210010212000,False,220010021212221102121111212021101212202100102120001010021212,False,2200100212122211021211112120211012122021001021200010100212120221002201,False
3528,3528,0.920170600101838,11011001,2202012100,False,22020121002201021011,False,220201210022010210110102110200,False,2202012100220102101101021102001100110121,False,22020121002201021011010211020011001101211100100221,False,220201210022010210110102110200110011012111001002212022212212,False,2202012100220102101101021102001100110121110010022120222122121202221121,False
3564,3564,0.633641728674306,00100001,2000011100,False,20000111001101110002,False,200001110011011100021101121221,False,2000011100110111000211011212210221202011,False,20000111001101110002110112122102212020111022212112,False,200001110011011100021101121221022120201110222121122221212110,False,2000011100110111000211011212210221202011102221211222212121102221111002,False
3566,3566,0.895501235817221,01100011,2200012210,False,22000122101211221010,False,220001221012112210100212011120,False,2200012210121122101002120111202021022212,False,22000122101211221010021201112020210222122202211101,False,220001221012112210100212011120202102221222022111012221111022,False,2200012210121122101002120111202021022212220221110122211110220220222110,False
3588,3588,0.775955814389284,11100101,2100022211,False,21000222111002211101,False,210002221110022111010202021200,False,2100022211100221110102020212002112210101,False,21000222111002211101020202120021122101011222101111,False,210002221110022111010202021200211221010112221011112221122211,False,2100022211100221110102020212002112210101122210111122211222112002221100,False
3642,3642,0.846162507247986,11010101,2112101221,False,21121012210001120010,False,211210122100011200102001001202,False,2112101221000112001020010012022020111110,False,21121012210001120010200100120220201111102001121011,False,211210122100011200102001001202202011111020011210112102200011,False,2112101221000112001020010012022020111110200112101121022000111100222020,False
3660,3660,0.202898071534220,10001101,1020202000,False,10202020002202000102,False,102020200022020001022212212101,False,1020202000220200010222122121011122211111,False,10202020002202000102221221210111222111110202201022,False,102020200022020001022212212101112221111102022010221101211112,False,1020202000220200010222122121011122211111020220102211012111122221100112,False
3690,3690,0.130790678677943,00111001,1011011122,False,10110111221111100221,False,101101112211111002210122210000,False,1011011122111110022101222100001100101101,False,10110111221111100221012221000011001011012100210022,False,101101112211111002210122210000110010110121002100220111021012,False,1011011122111110022101222100001100101101210021002201110210122210221000,False
3746,3746,0.462856878679559,10001011,1122220011,False,11222200112102012022,False,112222001121020120221000202220,False,1122220011210201202210002022201022022221,False,11222200112102012022100020222010220222210002110111,False,112222001121020120221000202220102202222100021101110122200211,False,1122220011210201202210002022201022022221000211011101222002111120021011,False
3798,3798,0.271204064395346,01001001,1100101000,True,11001010002102121000,False,110010100021021210000222112120,False,1100101000210212100002221121200200202012,False,11001010002102121000022211212002002020120110210211,False,110010100021021210000222112120020020201201102102112001110221,False,1100101000210212100002221121200200202012011021021120011102211210010222,False
3800,3800,0.533063571538261,11011011,1210111101,False,12101111010020110100,False,121011110100201101001022101102,False,1210111101002011010010221011020220222220,False,12101111010020110100102210110202202222202122002010,False,121011110100201101001022101102022022222021220020100201222021,False,1210111101002011010010221011020220222220212200201002012220210101012022,False
3804,3804,0.056782585824091,10110101,1001201220,False,10012012202220211022,False,100120122022202110221202222011,False,1001201220222021102212022220112002210221,False,10012012202220211022120222201120022102212020010020,False,100120122022202110221202222011200221022120200100202202211120,False,1001201220222021102212022220112002210221202001002022022111200200001011,False
3912,3912,0.197195971541494,10000101,1020112100,False,10201121000220122112,False,102011210002201221122101211200,False,1020112100022012211221012112001011000112,False,10201121000220122112210121120010110001120120201010,False,102011210002201221122101211200101100011201202010100020111212,False,1020112100022012211221012112001011000112012020101000201112121000220111,False
3914,3914,0.459055478684409,10001111,1122201010,False,11222010101012212101,False,112220101010122121012012110020,False,1122201010101221210120121100201112100200,False,11222010101012212101201211002011121002002202221111,False,112220101010122121012012110020111210020022022211110022200111,False,1122201010101221210120121100201112100200220222111100222001110101012200,False
3950,3950,0.172526607256877,11110111,1012122010,False,10121220102010111211,False,101212201020101112112212121210,False,1012122010201011121122121212102011002110,False,10121220102010111211221212121020110021102010111102,False,101212201020101112112212121210201100211020101111020000222200,False,1012122010201011121122121212102011002110201011110200002222002112221120,False
4038,4038,0.694344921545131,11111101,2010220012,False,20102200121010001111,False,201022001210100011110112111111,False,2010220012101000111101121111110221022002,False,20102200121010001111011211111102210220021222022102,False,201022001210100011110112111111022102200212220221021112212021,False,2010220012101000111101121111110221022002122202210211122120211111000010,False
4076,4076,0.669675557260514,00101111,2002100101,False,20021001012120002010,False,200210010121200020102002222022,False,2002100101212000201020022220221021101001,False,20021001012120002010200222202210211010011211221002,False,200210010121200020102002222022102110100112112210020222111111,False,2002100101212000201020022220221021101001121122100202221111112121222100,False
4104,4104,0.335708657261322,00010001,1110001010,True,11100010102220221122,False,111000101022202211222221121012,False,1110001010222022112222211210122010210100,False,11100010102220221122222112101220102101002221201110,False,111000101022202211222221121012201021010022212011101101101001,False,1110001010222022112222211210122010210100222120111011011010012110011020,False
4106,4106,0.597568164404237,00110011,1221001112,False,12210011120220021012,False,122100111202200210122221010121,False,1221001112022002101222210101211212001111,False,12210011120220021012222101012112120011110221021221,False,122100111202200210122221010121121200111102210212211211211102,False,1221001112022002101222210101211212001111022102122112112111021021012200,False
4146,4146,0.834758307262534,01001101,2111112221,False,21111122210102121010,False,211111222101021210101122211002,False,2111112221010212101011222110020000022000,False,21111122210102121010112221100200000220000202022211,False,211111222101021210101122211002000002200002020222110001222212,False,2111112221010212101011222110020000022000020202221100012222122010010210,False
4220,4220,0.523560071550385,10000111,1202222202,False,12022222022200010012,False,120222220222000100121200211012,False,1202222202220001001212002110122222022200,False,12022222022200010012120021101222220222000000100212,False,120222220222000100121200211012222202220000001002121111021222,False,1202222202220001001212002110122222022200000010021211110212220120102202,False
4232,4232,0.094717114407874,11001011,1002221221,False,10022212211120001022,False,100222122111200010220010110001,False,1002221221112000102200101100011201022112,False,10022212211120001022001011000112010221122221010011,False,100222122111200010220010110001120102211222210100111010012212,False,1002221221112000102200101100011201022112222101001110100122122100201211,False
4290,4290,0.688642821552405,01110101,2010112102,False,20101121022101210121,False,201011210221012101210122020001,False,2010112102210121012101220200010120022121,False,20101121022101210121012202000101200221211210101220,False,201011210221012101210122020001012002212112101012202201110120,False,2010112102210121012101220200010120022121121010122022011101200101202200,False
4308,4308,0.045378385838639,00101101,1001101021,False,10011010210101202011,False,100110102101012020112202022020,False,1001101021010120201122020220201010002110,False,10011010210101202011220202202010100021102021002001,False,100110102101012020112202022020101000211020210020012021022022,False,1001101021010120201122020220201010002110202100200120210220220221010102,False
4362,4362,0.115585078697341,10011101,1010122201,False,10101222010010000212,False,101012220100100002122020012202,False,1010122201001000021220200122022222202201,False,10101222010010000212202001220222222022010102012001,False,101012220100100002122020012202222220220101020120011212101021,False,1010122201001000021220200122022222202201010201200112121010212121010101,False
