L,K,N,P_A,P_B,P_AB,P_A_given_B,dev
1,1,999992,0.630929,0.500000,0.315461,0.630921,-0.000008
1,2,999992,0.630929,0.333333,0.210308,0.630924,-0.000005
1,3,999992,0.630929,0.222222,0.140200,0.630902,-0.000027
1,4,999992,0.630929,0.148149,0.093472,0.630930,+0.000001
1,5,999992,0.630929,0.098765,0.062312,0.630918,-0.000011
1,6,999992,0.630929,0.065845,0.041546,0.630976,+0.000047
1,8,999989,0.630930,0.029267,0.018477,0.631325,+0.000395
1,10,999986,0.630930,0.013017,0.008215,0.631098,+0.000168
1,12,999983,0.630930,0.005786,0.003671,0.634462,+0.003533
1,16,999977,0.630930,0.001116,0.000732,0.655914,+0.024984
1,20,999970,0.630930,0.000235,0.000160,0.680851,+0.049921
1,24,999964,0.630930,0.000048,0.000037,0.770833,+0.139904
1,30,999955,0.630929,0.000003,0.000003,1.000000,+0.369071
2,1,999992,0.464975,0.500000,0.232484,0.464968,-0.000007
2,2,999992,0.464975,0.333333,0.154990,0.464972,-0.000003
2,3,999992,0.464975,0.222222,0.103318,0.464931,-0.000044
2,4,999992,0.464975,0.148149,0.068882,0.464947,-0.000028
2,5,999992,0.464975,0.098765,0.045920,0.464947,-0.000028
2,6,999992,0.464975,0.065845,0.030616,0.464978,+0.000003
2,8,999989,0.464975,0.029267,0.013627,0.465610,+0.000635
2,10,999986,0.464976,0.013017,0.006075,0.466697,+0.001722
2,12,999983,0.464975,0.005786,0.002710,0.468372,+0.003397
2,16,999977,0.464976,0.001116,0.000549,0.491935,+0.026960
2,20,999970,0.464975,0.000235,0.000121,0.514894,+0.049919
2,24,999964,0.464975,0.000048,0.000025,0.520833,+0.055859
2,30,999955,0.464975,0.000003,0.000003,1.000000,+0.535025
3,1,999992,0.322968,0.500000,0.161477,0.322955,-0.000013
3,2,999992,0.322968,0.333333,0.107654,0.322962,-0.000005
3,3,999992,0.322968,0.222222,0.071759,0.322914,-0.000053
3,4,999992,0.322968,0.148149,0.047841,0.322927,-0.000041
3,5,999992,0.322968,0.098765,0.031896,0.322952,-0.000016
3,6,999992,0.322968,0.065845,0.021268,0.323006,+0.000038
3,8,999989,0.322968,0.029267,0.009471,0.323607,+0.000639
3,10,999986,0.322969,0.013017,0.004230,0.324960,+0.001991
3,12,999983,0.322968,0.005786,0.001879,0.324749,+0.001781
3,16,999977,0.322969,0.001116,0.000384,0.344086,+0.021117
3,20,999970,0.322969,0.000235,0.000088,0.374468,+0.051499
3,24,999964,0.322970,0.000048,0.000020,0.416667,+0.093697
3,30,999955,0.322970,0.000003,0.000002,0.666667,+0.343697
4,1,999992,0.218523,0.500000,0.109251,0.218502,-0.000021
4,2,999992,0.218523,0.333333,0.072823,0.218468,-0.000055
4,3,999992,0.218523,0.222222,0.048534,0.218405,-0.000118
4,4,999992,0.218523,0.148149,0.032358,0.218417,-0.000106
4,5,999992,0.218523,0.098765,0.021574,0.218440,-0.000083
4,6,999992,0.218523,0.065845,0.014383,0.218441,-0.000082
4,8,999989,0.218522,0.029267,0.006418,0.219291,+0.000769
4,10,999986,0.218523,0.013017,0.002854,0.219252,+0.000729
4,12,999983,0.218524,0.005786,0.001291,0.223125,+0.004601
4,16,999977,0.218524,0.001116,0.000253,0.226703,+0.008178
4,20,999970,0.218523,0.000235,0.000059,0.251064,+0.032541
4,24,999964,0.218524,0.000048,0.000010,0.208333,-0.010191
4,30,999955,0.218524,0.000003,0.000000,0.000000,-0.218524
5,1,999992,0.146409,0.500000,0.073200,0.146399,-0.000010
5,2,999992,0.146409,0.333333,0.048790,0.146371,-0.000038
5,3,999992,0.146409,0.222222,0.032532,0.146395,-0.000014
5,4,999992,0.146409,0.148149,0.021689,0.146401,-0.000008
5,5,999992,0.146409,0.098765,0.014457,0.146379,-0.000030
5,6,999992,0.146409,0.065845,0.009634,0.146316,-0.000094
5,8,999989,0.146410,0.029267,0.004315,0.147436,+0.001026
5,10,999986,0.146410,0.013017,0.001917,0.147269,+0.000859
5,12,999983,0.146410,0.005786,0.000862,0.148980,+0.002570
5,16,999977,0.146411,0.001116,0.000171,0.153226,+0.006814
5,20,999970,0.146409,0.000235,0.000035,0.148936,+0.002527
5,24,999964,0.146410,0.000048,0.000006,0.125000,-0.021410
5,30,999955,0.146410,0.000003,0.000000,0.000000,-0.146410
6,1,999992,0.097763,0.500000,0.048879,0.097759,-0.000004
6,2,999992,0.097763,0.333333,0.032581,0.097744,-0.000019
6,3,999992,0.097763,0.222222,0.021739,0.097826,+0.000064
6,4,999992,0.097763,0.148149,0.014490,0.097808,+0.000045
6,5,999992,0.097763,0.098765,0.009663,0.097839,+0.000077
6,6,999992,0.097763,0.065845,0.006437,0.097761,-0.000001
6,8,999989,0.097763,0.029267,0.002871,0.098097,+0.000334
6,10,999986,0.097763,0.013017,0.001264,0.097104,-0.000660
6,12,999983,0.097764,0.005786,0.000581,0.100415,+0.002651
6,16,999977,0.097764,0.001116,0.000121,0.108423,+0.010659
6,20,999970,0.097763,0.000235,0.000027,0.114894,+0.017131
6,24,999964,0.097764,0.000048,0.000005,0.104167,+0.006403
6,30,999955,0.097762,0.000003,0.000000,0.000000,-0.097762
8,1,999989,0.043470,0.500001,0.021708,0.043416,-0.000054
8,2,999989,0.043470,0.333334,0.014471,0.043413,-0.000057
8,3,999989,0.043470,0.222222,0.009594,0.043173,-0.000297
8,4,999989,0.043470,0.148150,0.006399,0.043193,-0.000277
8,5,999989,0.043470,0.098765,0.004250,0.043032,-0.000439
8,6,999989,0.043470,0.065845,0.002831,0.042996,-0.000475
8,8,999989,0.043470,0.029267,0.001256,0.042915,-0.000555
8,10,999986,0.043471,0.013017,0.000557,0.042790,-0.000680
8,12,999983,0.043471,0.005786,0.000261,0.045109,+0.001638
8,16,999977,0.043471,0.001116,0.000051,0.045699,+0.002228
8,20,999970,0.043470,0.000235,0.000011,0.046809,+0.003338
8,24,999964,0.043471,0.000048,0.000003,0.062500,+0.019029
8,30,999955,0.043471,0.000003,0.000000,0.000000,-0.043471
10,1,999986,0.019280,0.500000,0.009625,0.019250,-0.000030
10,2,999986,0.019280,0.333333,0.006424,0.019272,-0.000008
10,3,999986,0.019280,0.222223,0.004148,0.018666,-0.000614
10,4,999986,0.019280,0.148150,0.002782,0.018779,-0.000502
10,5,999986,0.019280,0.098765,0.001841,0.018640,-0.000640
10,6,999986,0.019280,0.065845,0.001237,0.018787,-0.000493
10,8,999986,0.019280,0.029267,0.000551,0.018827,-0.000454
10,10,999986,0.019280,0.013017,0.000232,0.017823,-0.001457
10,12,999983,0.019280,0.005786,0.000111,0.019184,-0.000096
10,16,999977,0.019280,0.001116,0.000019,0.017025,-0.002255
10,20,999970,0.019281,0.000235,0.000002,0.008511,-0.010770
10,24,999964,0.019281,0.000048,0.000001,0.020833,+0.001553
10,30,999955,0.019281,0.000003,0.000000,0.000000,-0.019281
12,1,999983,0.008547,0.500001,0.004208,0.008416,-0.000131
12,2,999983,0.008547,0.333334,0.002794,0.008382,-0.000165
12,3,999983,0.008547,0.222224,0.001797,0.008087,-0.000461
12,4,999983,0.008547,0.148151,0.001183,0.007985,-0.000562
12,5,999983,0.008547,0.098766,0.000787,0.007968,-0.000579
12,6,999983,0.008547,0.065845,0.000522,0.007928,-0.000619
12,8,999983,0.008547,0.029267,0.000243,0.008303,-0.000244
12,10,999983,0.008547,0.013017,0.000102,0.007836,-0.000711
12,12,999983,0.008547,0.005786,0.000051,0.008814,+0.000267
12,16,999977,0.008547,0.001116,0.000010,0.008961,+0.000413
12,20,999970,0.008547,0.000235,0.000001,0.004255,-0.004292
12,24,999964,0.008547,0.000048,0.000001,0.020833,+0.012286
12,30,999955,0.008547,0.000003,0.000000,0.000000,-0.008547
16,1,999977,0.001708,0.500001,0.000870,0.001740,+0.000032
16,2,999977,0.001708,0.333334,0.000583,0.001749,+0.000041
16,3,999977,0.001708,0.222223,0.000367,0.001652,-0.000057
16,4,999977,0.001708,0.148149,0.000244,0.001647,-0.000061
16,5,999977,0.001708,0.098765,0.000160,0.001620,-0.000088
16,6,999977,0.001708,0.065845,0.000105,0.001595,-0.000113
16,8,999977,0.001708,0.029268,0.000048,0.001640,-0.000068
16,10,999977,0.001708,0.013017,0.000018,0.001383,-0.000325
16,12,999977,0.001708,0.005786,0.000010,0.001728,+0.000020
16,16,999977,0.001708,0.001116,0.000005,0.004480,+0.002772
16,20,999970,0.001708,0.000235,0.000001,0.004255,+0.002547
16,24,999964,0.001708,0.000048,0.000001,0.020833,+0.019125
16,30,999955,0.001708,0.000003,0.000000,0.000000,-0.001708
20,1,999970,0.000312,0.500000,0.000157,0.000314,+0.000002
20,2,999970,0.000312,0.333333,0.000099,0.000297,-0.000015
20,3,999970,0.000312,0.222223,0.000059,0.000266,-0.000047
20,4,999970,0.000312,0.148148,0.000041,0.000277,-0.000035
20,5,999970,0.000312,0.098764,0.000024,0.000243,-0.000069
20,6,999970,0.000312,0.065843,0.000016,0.000243,-0.000069
20,8,999970,0.000312,0.029266,0.000006,0.000205,-0.000107
20,10,999970,0.000312,0.013015,0.000003,0.000231,-0.000082
20,12,999970,0.000312,0.005786,0.000002,0.000346,+0.000034
20,16,999970,0.000312,0.001116,0.000001,0.000896,+0.000584
20,20,999970,0.000312,0.000235,0.000000,0.000000,-0.000312
20,24,999964,0.000312,0.000048,0.000000,0.000000,-0.000312
20,30,999955,0.000312,0.000003,0.000000,0.000000,-0.000312
24,1,999964,0.000050,0.500000,0.000025,0.000050,+0.000000
24,2,999964,0.000050,0.333333,0.000015,0.000045,-0.000005
24,3,999964,0.000050,0.222223,0.000009,0.000041,-0.000010
24,4,999964,0.000050,0.148149,0.000007,0.000047,-0.000003
24,5,999964,0.000050,0.098765,0.000004,0.000041,-0.000009
24,6,999964,0.000050,0.065843,0.000004,0.000061,+0.000011
24,8,999964,0.000050,0.029266,0.000002,0.000068,+0.000018
24,10,999964,0.000050,0.013015,0.000001,0.000077,+0.000027
24,12,999964,0.000050,0.005786,0.000000,0.000000,-0.000050
24,16,999964,0.000050,0.001116,0.000000,0.000000,-0.000050
24,20,999964,0.000050,0.000235,0.000000,0.000000,-0.000050
24,24,999964,0.000050,0.000048,0.000000,0.000000,-0.000050
24,30,999955,0.000050,0.000003,0.000000,0.000000,-0.000050
30,1,999955,0.000005,0.500001,0.000001,0.000002,-0.000003
30,2,999955,0.000005,0.333333,0.000001,0.000003,-0.000002
30,3,999955,0.000005,0.222222,0.000001,0.000005,-0.000001
30,4,999955,0.000005,0.148150,0.000001,0.000007,+0.000002
30,5,999955,0.000005,0.098765,0.000001,0.000010,+0.000005
30,6,999955,0.000005,0.065844,0.000001,0.000015,+0.000010
30,8,999955,0.000005,0.029266,0.000001,0.000034,+0.000029
30,10,999955,0.000005,0.013016,0.000000,0.000000,-0.000005
30,12,999955,0.000005,0.005786,0.000000,0.000000,-0.000005
30,16,999955,0.000005,0.001116,0.000000,0.000000,-0.000005
30,20,999955,0.000005,0.000235,0.000000,0.000000,-0.000005
30,24,999955,0.000005,0.000048,0.000000,0.000000,-0.000005
30,30,999955,0.000005,0.000003,0.000000,0.000000,-0.000005
