n,f,L,ratio,prefix,mantissa_precision,record_number,gap_from_previous_record
0,1,1,1.0000000000,1,200,1,0
2,2,2,1.0000000000,11,200,2,2
5,3,4,0.7500000000,101,200,3,3
8,6,6,1.0000000000,100111,200,4,3
27,8,18,0.4444444444,10010011,200,5,19
92,10,59,0.1694915254,1001101101,200,6,65
121,15,77,0.1948051948,111010000101011,200,7,29
606,18,383,0.0469973890,111010101011010110,200,8,485
1690,22,1067,0.0206185567,1100101010010101000110,200,9,1084
20302,24,12810,0.0018735363,101110010010000011111111,200,10,18612
23507,25,14832,0.0016855448,1100011010110110010100001,200,11,3205
26379,30,16644,0.0018024513,110110101001001101000110010100,200,12,2872
116655,34,73602,0.0004619440,1010111000011111100001100111001100,200,13,90276
953604,36,601658,0.0000598347,101110101101011100111010011100010101,200,14,836949
3608686,37,2276828,0.0000162507,1111111001101111010010010111100000010,200,15,2655082
8075942,40,5095353,0.0000078503,1010000000100011010100110100010001001100,200,16,4467256
13961331,44,8808620,0.0000049951,10110011110000000010011110100111110001111001,200,17,5885389
46052485,48,29055884,0.0000016520,100010100000101111011101010001011011010110010001,200,18,32091154
464263536,50,292917679,0.0000001707,11110101110010000011010000110010011011110001100111,200,19,418211051
